tx_hash,block_number,timestamp,sender,receiver,amount,token,token_contract
41cda0ea4ce57d21e858e3760218e7c7e3102c0c7bd5a3365dc10c9c92c1f008,80825432,1773143112000,0x3c32c7224525e60e43d91c3a87244d414fb17511,0xbeee64f9a03f2536aec24a5442ba94a55b048315,200000000,USDT,TR7NHqjeKQxGTCi8q8ZY4pL8otSzgjLj6t
c9bf30452d01f4d246f82865d8dc69554bbc5bcf12c9c32e8dfdc3102271f804,80825432,1773143112000,0x020996fcb18e61ccc70b685a7528a1a287e0640a,0x56d2cd78b2a73ad47e9cbee73807dbc9a8b3bce1,1500000000,USDT,TR7NHqjeKQxGTCi8q8ZY4pL8otSzgjLj6t
62f14683ba5e7649d520abec48ec85a2099d6330bb6b08013030412b5dd54640,80825432,1773143112000,0xfc6f3a3b4aac5429a21229b55ff678c4b65dcc1c,0xc0aae8c980cf0092ca624553633fec8941a9c2a3,5170000,USDT,TR7NHqjeKQxGTCi8q8ZY4pL8otSzgjLj6t
5211189a5c2daf3c4b5072f262a66c2909517b002e950e7efadb1df063e7f6d4,80825432,1773143112000,0x483bcbb0647502e7734f375c2be7bf756716e8fe,0xfae54e38619460535387951b0e69f1bdb88c7a83,2000000000,USDT,TR7NHqjeKQxGTCi8q8ZY4pL8otSzgjLj6t
c6f83bda52be37596ce49dafcb51ae1597d63966b482a60b22743af284cfc853,80825432,1773143112000,0x2f448de7eb5888a1b6cc8b3c40ffc602ff3b702f,0x39c60fcd12d5013c7688d3a4f533584542eb259e,1998000000,USDT,TR7NHqjeKQxGTCi8q8ZY4pL8otSzgjLj6t
a3b5df512af405438a6764bc250b7b450a27be22ef4f0420cfd4b8105f759b32,80825432,1773143112000,0x3168f73bce4890899347caed7ea5436e72f7e70a,0x56bcb8a945c068809ea6e2d11542284e996e4ad1,96000000,USDT,TR7NHqjeKQxGTCi8q8ZY4pL8otSzgjLj6t
46ccf4a7959101dd3caada03011260492eda6af6ad38c4a45e0b9df49b358a2a,80825432,1773143112000,0x36619b6a2f0f62866e2995e9aae3ae30d99939de,0xcfe8fde95a557555b6fd14f5e6abee309ac41583,1547260000,USDT,TR7NHqjeKQxGTCi8q8ZY4pL8otSzgjLj6t
fa1c6d0f959bc6acc199213d2efe4360a4c76ace24b014fea3071dbe4f858bde,80825432,1773143112000,0xbf6c6afc2cb5dbd037f51c1561f9006cfb0877df,0x8aef2af810ffcc8928d0da10cc97f7f1c952da5e,112765520,USDT,TR7NHqjeKQxGTCi8q8ZY4pL8otSzgjLj6t
5551fb5286d0ef20caf7b0d32c620365dd2f4fcf7366926bf1cb3e22dcf85cb7,80825432,1773143112000,0xcebabc6a66da33d2135f11207d6ab88b82829813,0x1b2548887fba7342c0b5db29acb1e9c3a853dce2,21500000,USDT,TR7NHqjeKQxGTCi8q8ZY4pL8otSzgjLj6t
5f5205acd1b3fb76c36cb85bbad261825c5930ab0493a717703e4ae8b5ba0674,80825432,1773143112000,0x747c301f135e35b4e6ba7c3668c616494df6ff2d,0xf2d0c72c2eada9d321b7aa875bb8c2666b893da2,283000000,USDT,TR7NHqjeKQxGTCi8q8ZY4pL8otSzgjLj6t
edbe7780d714997ed4fb53c933e45535426cd149c9f1926f69088fc13905d1bf,80825432,1773143112000,0x3685c9bd5a2bc4177df666c614899b726e0f2d49,0x268724a7107c34941cf02607360448a3ff895107,30000000,USDT,TR7NHqjeKQxGTCi8q8ZY4pL8otSzgjLj6t
9836f736dfff0f88cf2e81dd466a6182a8d294ea9e3b12fda3008102013dfcd3,80825432,1773143112000,0xe72d89113748babda7f0731507b28401a47a0ee9,0x0dcb49669feb4a078c2b26e6679fab6050debfb6,265120000,USDT,TR7NHqjeKQxGTCi8q8ZY4pL8otSzgjLj6t
9836f736dfff0f88cf2e81dd466a6182a8d294ea9e3b12fda3008102013dfcd3,80825432,1773143112000,0xe72d89113748babda7f0731507b28401a47a0ee9,0x76b5c8429b78a38643e5ff9a94b4ca10c1efd867,2000000,USDT,TR7NHqjeKQxGTCi8q8ZY4pL8otSzgjLj6t
c5e5ef931c2e9251662e691f72d41284854143a3a30cd94b2ede08637cdd8710,80825432,1773143112000,0xbf6c6afc2cb5dbd037f51c1561f9006cfb0877df,0x84641bf6207ea79b7af2da24c6a4fe5efbf86ebc,998684393,USDT,TR7NHqjeKQxGTCi8q8ZY4pL8otSzgjLj6t
5d3b287b33adecb3cab9399a0a94d9abaf76955feaf9e529cd9102e308cc2019,80825432,1773143112000,0x2b34e99e2d43f680c6fc694b3350ebf4f7507493,0x6bf7250c8cb05a7ea5ace5cdb8c1e27b4893c1ca,3000000000,USDT,TR7NHqjeKQxGTCi8q8ZY4pL8otSzgjLj6t
644241b4a64e05b0bed205dd69ba94ba4cd3a997285f254968e9ec18ad181fdd,80825432,1773143112000,0xc1fc3f5405d311f4ed3df853c6e30440734702c2,0x55b09dae7f0e30357e0a8fd046978af4bbdf9d02,3680000000,USDT,TR7NHqjeKQxGTCi8q8ZY4pL8otSzgjLj6t
644241b4a64e05b0bed205dd69ba94ba4cd3a997285f254968e9ec18ad181fdd,80825432,1773143112000,0xc1fc3f5405d311f4ed3df853c6e30440734702c2,0x76b5c8429b78a38643e5ff9a94b4ca10c1efd867,1000000,USDT,TR7NHqjeKQxGTCi8q8ZY4pL8otSzgjLj6t
73a53e830a54d7ca593cf417363d3f395d8bd2558b63b332933d3a6f592af1e6,80825432,1773143112000,0x4ab38f7ae7eadad03981b2a7d7883760aa63e564,0x04b9d796388e331fd9e1b21be008f0bf31206b5d,5713330,USDT,TR7NHqjeKQxGTCi8q8ZY4pL8otSzgjLj6t
73a53e830a54d7ca593cf417363d3f395d8bd2558b63b332933d3a6f592af1e6,80825432,1773143112000,0x0480d25998478752c0f82f77ff5b73361f2331d5,0x4ab38f7ae7eadad03981b2a7d7883760aa63e564,5713330,USDT,TR7NHqjeKQxGTCi8q8ZY4pL8otSzgjLj6t
bf816e560d780c3efab845f24a81065f78511e9a15920eb96f995613471c6e9f,80825432,1773143112000,0xcf6ab968caff6b24e40826288f8f4be3642863f8,0xd0677356610d7203033edb64703ccf149de88628,37000000,USDT,TR7NHqjeKQxGTCi8q8ZY4pL8otSzgjLj6t
6c2f5d1b61a365421f080b99b4e73bfac86f3390b54c4a3d8e65afeea797e2e1,80825432,1773143112000,0xcf6ab968caff6b24e40826288f8f4be3642863f8,0x29228e5d382b7a2c2a0dbc05e6d6507f4dbb3bbe,3953876,USDT,TR7NHqjeKQxGTCi8q8ZY4pL8otSzgjLj6t
9de8939a8db4e9a57c2f1ccd4c8d8bf28a1216c16873d01efafd7540015ce3da,80825432,1773143112000,0x356d8998f67760e575af95dfcc4e12db68c8e95c,0x6308b34c325f2e607eff96f14ee0679ae6a83f84,3000000000,USDT,TR7NHqjeKQxGTCi8q8ZY4pL8otSzgjLj6t
98d6f5d5d7bffa8233411f643a34baee662b68c2a9671601e2762452bd255ace,80825432,1773143112000,0xb129b124bebed2857075d039556da2949b980ab8,0xacc8e830a3362c4fc705811e25434ec97c6ebbdf,10000000,USDT,TR7NHqjeKQxGTCi8q8ZY4pL8otSzgjLj6t
9c74c775325f934bc0fa8c5bb460132d03c6ebcef2a6278c6ce9757d82a3e8ef,80825432,1773143112000,0x7898b3213d0b8f6cb4f1ac79bcc670ca99714904,0xacc8e830a3362c4fc705811e25434ec97c6ebbdf,150000000,USDT,TR7NHqjeKQxGTCi8q8ZY4pL8otSzgjLj6t
216c9782ea07853353a478bf5ce2764355d0054879001acbc4d5938e49f38bb2,80825432,1773143112000,0x8e4f691fbffead192c6049fb75f50e45f9bec755,0x645b05549a6245c8072018ae05a24bd98138cee4,109652754,USDT,TR7NHqjeKQxGTCi8q8ZY4pL8otSzgjLj6t
fb93820a25c3d03400ff8c4418e6948aab31b6462c5d778c88eadfc030e5450a,80825432,1773143112000,0x16046d1417848fb6749357b7a05d6c6777d9899a,0x9c388ed58e3760d236875640f9df188e0d60d16f,203000000,USDT,TR7NHqjeKQxGTCi8q8ZY4pL8otSzgjLj6t
43505f0cadbd080cc8efbf1562cd356e4cff9e72f5bd7f7136aaf4065292afd0,80825432,1773143112000,0x9211cbb1ca8980b71a5a79f8a72fb962747a5529,0x13ba85dc0b0b46c6c27e41dba8ec867626d5b280,1500000000,USDT,TR7NHqjeKQxGTCi8q8ZY4pL8otSzgjLj6t
72c0d18f73a90af876c52cab2f956410e55e7365a13aab332ef40a4cc959185e,80825432,1773143112000,0x34ebe94fc1f88bdc3241d11d25345531d4eaf544,0x6d57d1bfa715b3cf5730eeeb234a7e95ab197409,8683000000,USDT,TR7NHqjeKQxGTCi8q8ZY4pL8otSzgjLj6t
dd249d289a898967426aa846cee3b480b678d0e43b38a0707488f53d5e611ed5,80825432,1773143112000,0x3c32c7224525e60e43d91c3a87244d414fb17511,0x073924020a800a39876e841b666c12f2d3e935a6,37050645,USDT,TR7NHqjeKQxGTCi8q8ZY4pL8otSzgjLj6t
daf183e3563745aecc1d7aa897f0eb1bf1142d7d86823e37c226d0800ba9824b,80825432,1773143112000,0xc7b8bd3c5bce9c29fccc32b636a0a57b144758a3,0x64cd29b09ab42ef1c837dfb8a9fcb1aa9107a0a6,20000000,USDT,TR7NHqjeKQxGTCi8q8ZY4pL8otSzgjLj6t
596ccb0c861f49229b104191d5d4194231013747d44e0b1e196ca83d9ce5fc88,80825432,1773143112000,0x746e45abf2bfeac6aae5d020031f9be1cccd7905,0x461f9ca940a5681310cc53da9b47bd2a2bcef1d2,49000000,USDT,TR7NHqjeKQxGTCi8q8ZY4pL8otSzgjLj6t
596ccb0c861f49229b104191d5d4194231013747d44e0b1e196ca83d9ce5fc88,80825432,1773143112000,0x746e45abf2bfeac6aae5d020031f9be1cccd7905,0x76b5c8429b78a38643e5ff9a94b4ca10c1efd867,1000000,USDT,TR7NHqjeKQxGTCi8q8ZY4pL8otSzgjLj6t
a8ae856af72b54d632314a6d73f236b8016d1192bfbef80d278b816ca247138b,80825432,1773143112000,0xe54aa9c99d142b3ea2103bfb42fc2c7dbf17a9f1,0x027597f4dcec96d5ae96fc803d05ae9c711dbd60,25001225,USDT,TR7NHqjeKQxGTCi8q8ZY4pL8otSzgjLj6t
c4038d96e4766afd744041c2606fb8486e431359ef6a2ba4ebb502137edb0d98,80825432,1773143112000,0xda0e896dbe2599fc5d060390be0f850ad457225a,0x29228e5d382b7a2c2a0dbc05e6d6507f4dbb3bbe,2411001,USDT,TR7NHqjeKQxGTCi8q8ZY4pL8otSzgjLj6t
c94c8ac79fd3543f571ff6c87555bad7019e25d9d69458f95d00ba426b654829,80825432,1773143112000,0x9b3fa9a47e7923f694abf7de3d9c405b321414f6,0xdedd0de1ca671341da48d46648d4f1c3f96349c6,1916000000,USDT,TR7NHqjeKQxGTCi8q8ZY4pL8otSzgjLj6t
9f6bde0e11f50e96cb10fc9a7e0d2e28fa1746a5f2aeb65d54f243f0f5c279ff,80825432,1773143112000,0xda0e896dbe2599fc5d060390be0f850ad457225a,0xa3104197be92cef8d936ad54f3af17500b99d8a3,120000000,USDT,TR7NHqjeKQxGTCi8q8ZY4pL8otSzgjLj6t
f51926220d79572e2120e78fa486a170098cc55dcdb8782fd4f82b83f85af171,80825432,1773143112000,0xbf6c6afc2cb5dbd037f51c1561f9006cfb0877df,0xe34efa33025001cd15bf18bd0f40bdeefb3e7403,198500000,USDT,TR7NHqjeKQxGTCi8q8ZY4pL8otSzgjLj6t
9318f5645366245e9101bb0ed1cb2cdbb74890cb23f77c388984b6f4ad9a1fdf,80825432,1773143112000,0xcf394f409ae0ef3c4646ed598448f99909d7efda,0x43442f68d921789f165910b74594b5082ddd5b86,430000000,USDT,TR7NHqjeKQxGTCi8q8ZY4pL8otSzgjLj6t
c1f202cbc35d682a317dce4f243e2c4793b4d29a97dcfc2b790503c995b3dde3,80825432,1773143112000,0x8e2a631b8dca9ce4b52c58daab35a324aa0c7fb7,0x8b9e448a2b6abe8225ec35d82a51f0f03bc0422e,104440000,USDT,TR7NHqjeKQxGTCi8q8ZY4pL8otSzgjLj6t
d5e71148a3a5c441fe71293d46b54cfeb14822ffc8f8ad75287649551ac5848d,80825432,1773143112000,0x23d000a0d19b9d70d5cfd318a33f3a4785f34f07,0xfdf7cee92a5652e892ad6ff2572668d8b2e82f38,1962000000,USDT,TR7NHqjeKQxGTCi8q8ZY4pL8otSzgjLj6t
da701500fd628beb35632558f907caffb6ce4633b67f5b60df40e804ea1f2a0a,80825432,1773143112000,0xda2c321f7c9fa870c0f383387618565ac6d5a8cc,0x23bc1e59fa8b4c28eb6ec2d00b52f12614eb370a,376030000,USDT,TR7NHqjeKQxGTCi8q8ZY4pL8otSzgjLj6t
c5b73bb30c1335334cf871a82e7b35d8d25a6f10da2b6bc77239238582e80937,80825432,1773143112000,0xba372ac50964328c5a96e1c4bbd9a220cf4e38fe,0x23bc1e59fa8b4c28eb6ec2d00b52f12614eb370a,482030000,USDT,TR7NHqjeKQxGTCi8q8ZY4pL8otSzgjLj6t
4953afa83b9ba815204614cdf0c7bb3908a005c4c3f68a7e6a368d71b12e400d,80825432,1773143112000,0x30760c7e10b1d3509d8d64a7e9eb9ab94bc83495,0xad9ce28a5ca525eacc5e0daefc4db5a1147db17b,490803988,USDT,TR7NHqjeKQxGTCi8q8ZY4pL8otSzgjLj6t
cbe434443913beef603868072daaf43132713c5b3bed7035410ac15528788e08,80825432,1773143112000,0xf174015eaea49498e75e5446f880b4581b0222e9,0x23bc1e59fa8b4c28eb6ec2d00b52f12614eb370a,659750000,USDT,TR7NHqjeKQxGTCi8q8ZY4pL8otSzgjLj6t
97837aa29d16a43b373cef9daa5726222317ef18177f018b2a9ddbafb2a866ab,80825432,1773143112000,0x99719cf95093b7796d548b54178ed3e84bda67f9,0x4ab6c6666bd0ad9626a09c23fd97d661e1c29c8e,80000000,USDT,TR7NHqjeKQxGTCi8q8ZY4pL8otSzgjLj6t
8884593d3628c20dc6a97cc3bb72aca5d1a10bc02c81083a525f4fe583f0c955,80825432,1773143112000,0xb513878c49fb05becfd82628ca6c4008085f87b3,0x07951ed24d4104fde7ae8b0624e15154bc877448,100000000,USDT,TR7NHqjeKQxGTCi8q8ZY4pL8otSzgjLj6t
e73d20dac41e2126978659d8d640886f2726e6248cb9c02d020ae1000bece419,80825432,1773143112000,0xa4f28cdc5c6c53cda9bb0e1611ee8d983d6ab985,0x23bc1e59fa8b4c28eb6ec2d00b52f12614eb370a,681630000,USDT,TR7NHqjeKQxGTCi8q8ZY4pL8otSzgjLj6t
3640bfe66cc7897417efed7825a2410e99368f51f6303c25cc96977a9e142d85,80825432,1773143112000,0xbce44eceaa3ea6f7c8893f34b3b9a88067d9a8db,0x2161901b3248a55f56fcc45642624a3e85ac6edc,1666000000,USDT,TR7NHqjeKQxGTCi8q8ZY4pL8otSzgjLj6t
550dfed6797aa78fda4989fa0e36de7e239fd3ab7a5883c428b8ca4b794e55e2,80825432,1773143112000,0xa2097102aaa2d5c1e18d53d72c163f66857581d5,0x006722fe681c6dd398d4bd3155a6b27f22d94e2f,100000000,USDT,TR7NHqjeKQxGTCi8q8ZY4pL8otSzgjLj6t
450874cdf90a8632b1531916cd952231356bcc4a285a5c5f6e9384dd671cc8ac,80825432,1773143112000,0x8721c9b76143dee52274922d88c849bd6e7a40ea,0x28e0a09ab5d31a6edcdc876593ca50656a218ba6,50000000,USDT,TR7NHqjeKQxGTCi8q8ZY4pL8otSzgjLj6t
c0ce0db70a51f77a98326eb47c4e6e00531da8b0fc66ea7acdda515fef9ab0e9,80825432,1773143112000,0xc85122ef4102dcb5a13c031494d08b567f102f56,0xbccdf48106ba38c8b7a64e2c23b96745c77cc94a,3000000000,USDT,TR7NHqjeKQxGTCi8q8ZY4pL8otSzgjLj6t
a2d3113089d3155d5603e5b6e24ae272eb78dece5ab6ac13ed4dbab3dd91c9b3,80825432,1773143112000,0x99719cf95093b7796d548b54178ed3e84bda67f9,0x29228e5d382b7a2c2a0dbc05e6d6507f4dbb3bbe,2719001,USDT,TR7NHqjeKQxGTCi8q8ZY4pL8otSzgjLj6t
f5d17f78b360fd5c55b19c1c7f1db5b7e3b88dcf04d01212ab93637667b4d72f,80825432,1773143112000,0x678eda7c30ffaa9bf732d4b494ca52240e9676a0,0x624d99a3092dde0113e9a08f8098d4abb50abdf7,3324000000,USDT,TR7NHqjeKQxGTCi8q8ZY4pL8otSzgjLj6t
9f1488870290a5c98a38a7f8bee072ecf8b45f9b9a6b38ab63443af1e1d411a7,80825432,1773143112000,0xa66a7f72a9aeab1fbfc87372ffacf7643656f097,0xffaaf6d4992e5cd40af9df21c467a57e496b0c42,429000000,USDT,TR7NHqjeKQxGTCi8q8ZY4pL8otSzgjLj6t
e81f0ca626132e92c714e4e43142eb2742f67acec70a75acb93c543465358ea8,80825432,1773143112000,0x9796f99f4097430e7312215900a064b5ed61bb81,0x2b0054982e90b4298fea8765ea58a06f5303ae3b,722000000,USDT,TR7NHqjeKQxGTCi8q8ZY4pL8otSzgjLj6t
b77d3bda2ee6a713edde722971878c8a0292be17e53d3dc560d768d43ef3f5c3,80825432,1773143112000,0x6b20a7ae73f13b516b15e1173c24a75ea7f35212,0x6789738fda1b22cd01aa4f7e87a0170b386a1d59,2837000000,USDT,TR7NHqjeKQxGTCi8q8ZY4pL8otSzgjLj6t
b20a01ee817759f3d7b8085362158bd6b663e1ef02eb0fd8d21219ef3edee9d5,80825432,1773143112000,0xee59600065ccb592f70a3009f4171b6f8a92757b,0x665d1efe9bfce9e15d83d6a38238079ebebdabe0,3409780000,USDT,TR7NHqjeKQxGTCi8q8ZY4pL8otSzgjLj6t
ee69ddb696a526cdb756801bfd2080645d3eeab43d1cde361fa5accd8c1b2115,80825432,1773143112000,0xd794167b63a7a6ecb0de388c3308df73f88e71e9,0x5e75b303539a4866a5b0c7827094d5372eaf5cde,5000000,USDT,TR7NHqjeKQxGTCi8q8ZY4pL8otSzgjLj6t
4958f1b3a81e8279d0d06044803ac8a93ccd9ae1d4ac4667eb05d35472d0fe5b,80825432,1773143112000,0x595c4a379ab80c202f0372bbf9bbf3fad6ca8768,0xbc79616917620c609c69db78c153e38aaacf6abf,500000000,USDT,TR7NHqjeKQxGTCi8q8ZY4pL8otSzgjLj6t
01d7c270ae05f31bf1b255a65bacb6b409281bd3406c289e87896690ec892eae,80825432,1773143112000,0xb557cf23425656d810413c8584a8a58a1ff3553e,0x3dfc762547e03400536b38c6b89a220ca16c48bf,2874204292,USDT,TR7NHqjeKQxGTCi8q8ZY4pL8otSzgjLj6t
aeaa7786418ec41d658908fd04e76ab6457a03386eb0bb1b7f4acab28a1a3aac,80825432,1773143112000,0x6b20a7ae73f13b516b15e1173c24a75ea7f35212,0x5d31ee51e2eb6f477b102e229d28f9ae3f02a608,1832000000,USDT,TR7NHqjeKQxGTCi8q8ZY4pL8otSzgjLj6t
2cf6e2049c42c129ec7b570aed0839eb2877791279940be695928d444bb72561,80825432,1773143112000,0xd7a381846669c31fd7e6b3d67a6df2b8e46125bb,0xc068623052cb20cbf62b2d821d512316a93d3cca,995000000,USDT,TR7NHqjeKQxGTCi8q8ZY4pL8otSzgjLj6t
f46530807b8443f6dbe09ba68cf9e6fa1cd14090afb6dc3c3e0ce0083ac7f096,80825432,1773143112000,0xbb880fc4589db0f4d93dc9f6bea2cb5463993aba,0x668eeb707fa6dc958cdd3f4dce6a796a9cdbcbbf,1146762000,USDT,TR7NHqjeKQxGTCi8q8ZY4pL8otSzgjLj6t
4a53f140e31cf171a9d1cac53c5f75bed53a15a4098aa4e5147e9a84d7571e02,80825432,1773143112000,0x1086df9a970a33412e7a4050ffdf1c6b51fe8ed5,0xd16a4a88bbcea63c29916075a51a41a9eba32f1f,1390000000,USDT,TR7NHqjeKQxGTCi8q8ZY4pL8otSzgjLj6t
2e85dbc84aedf4c9c7c3b61e1567ba9cb89da402af6d22c1944e3135d0b25169,80825432,1773143112000,0x9256fc075ea4954c1c660db813ac77eef355fbde,0x661478f150ebf64d41ec69e80f324bc285015774,400000000,USDT,TR7NHqjeKQxGTCi8q8ZY4pL8otSzgjLj6t
c3bf1293e8e1286bfe0cb367d8e8643ac1eeeb56a8458ce776b45b0f1564cfbc,80825432,1773143112000,0x3344d3970fc93504a8db2020baf73bfed23a6d6c,0x419dcc89f43668e9ee3dccf943c1f114457c716a,1560000000,USDT,TR7NHqjeKQxGTCi8q8ZY4pL8otSzgjLj6t
410e3ddd8e8e9c8b0639056ba57a45fc3a6858decb00f4b0eb9b21ad16c2199d,80825432,1773143112000,0x19d9df3665b77391c24b1013ae0624aac9a678b1,0xc8f6a80a2a1d54903313c07791648f3e5523f35f,120000000000,USDT,TR7NHqjeKQxGTCi8q8ZY4pL8otSzgjLj6t
0984239d4d14bfa0264f3fa3a5881ef543d222ace231fd80b8b32b8691fb79ff,80825432,1773143112000,0x30760c7e10b1d3509d8d64a7e9eb9ab94bc83495,0xd75470fec6a1b924b24b294649fb51c339ab1d8e,10098345416,USDT,TR7NHqjeKQxGTCi8q8ZY4pL8otSzgjLj6t
f582b5171902bd4817373b9f09884dd5357daa20e466c582215e7bfef5faa3e2,80825432,1773143112000,0xe6f1b21fc8aeb1dd4f4c9abdcf2046dcb95686d8,0xacc8e830a3362c4fc705811e25434ec97c6ebbdf,3000000,USDT,TR7NHqjeKQxGTCi8q8ZY4pL8otSzgjLj6t
bc4aa81c2f312817a544d906c6cc7603ddf6edbd77f768179facab2736a68250,80825432,1773143112000,0xeafe55e3aab8d4fb894dc5cf3277310f9537ddb0,0xcb3443f1f1a0fdecef70c2001c665800c90fa861,300000000,USDT,TR7NHqjeKQxGTCi8q8ZY4pL8otSzgjLj6t
f37e8cf14b9c2a7235193561a82375fd77ef1a811cc6a7a8ee4708f45124a98e,80825432,1773143112000,0x42617573fceb9b78200eb434ff341fc9a4b6215a,0xc82fce0bf4db9e27e21d510f7622a18ed0ba96de,119618254,USDT,TR7NHqjeKQxGTCi8q8ZY4pL8otSzgjLj6t
809f23888da146f4f9cb6beeec3d8c5d893f601e39177fc77e7b35996d119dd6,80825432,1773143112000,0x3c493f480b594790869804949c7764900243118f,0xd2e1162c65fcce57594f0a20971abe44c93ccf0d,56000000,USDT,TR7NHqjeKQxGTCi8q8ZY4pL8otSzgjLj6t
2ac32bc4f0aac54af941a7a0b2b0856b1a61c6dae8574c65a2164c23338229f2,80825432,1773143112000,0x5894246e52cb6804c880d5beba35723a193b7ba0,0x3d0c61f29f4d45675cddd9c55cb9ebc9c591a900,1010000,USDT,TR7NHqjeKQxGTCi8q8ZY4pL8otSzgjLj6t
0465d85fbb168c387f4a431ea9af4c8e74096fcf659107c2dd47432cf9131130,80825432,1773143112000,0x8f8fb30b7e4fa4355520f8258b54c12824b82102,0x428b915f9886f53ee9dc6aa7185587d506bd2a4c,5632000000,USDT,TR7NHqjeKQxGTCi8q8ZY4pL8otSzgjLj6t
ea6bc30fb9ad3a60a675fab57fa142e674d66d29ee87a7e7415309d346bc3298,80825432,1773143112000,0xb7ab366f3a5e10055ef61fe86cec8a25b5925df2,0x1e756e19cacf3ae210e07a662cfa4e4e18a28d12,2000000000,USDT,TR7NHqjeKQxGTCi8q8ZY4pL8otSzgjLj6t
93157722461e1036e96a3525c71f84839c965ea405116110e3110f31ad92f622,80825432,1773143112000,0x335b8ca96c7ef978cd38eee9902c5efc201f11bf,0xc0aae8c980cf0092ca624553633fec8941a9c2a3,5000000,USDT,TR7NHqjeKQxGTCi8q8ZY4pL8otSzgjLj6t
940ef5212cf9c497f57db5e0192487c09cbed32e47d3f2437d21fe12454e5b6b,80825432,1773143112000,0xb7ae8dfe8e1235c9c0c600b3843b2d73ecc7e924,0x86b965bf477a10b3eafa7cac42b1e442bdea1d30,59710000,USDT,TR7NHqjeKQxGTCi8q8ZY4pL8otSzgjLj6t
1bcfe522d772de880dc0d66bb8033bc4c7dfc72824b6747f328b09c3b626945f,80825432,1773143112000,0xe7dd3c27989e4b5833da6d7ad5d7826a6333e846,0xc0aae8c980cf0092ca624553633fec8941a9c2a3,5000000,USDT,TR7NHqjeKQxGTCi8q8ZY4pL8otSzgjLj6t
f9b9348e509e496b318348f28a0657e8e165bf547b4e2bea268095f9ebec132a,80825432,1773143112000,0x4ab38f7ae7eadad03981b2a7d7883760aa63e564,0xa2726afbecbd8e936000ed684cef5e2f5cf43008,50000000,USDT,TR7NHqjeKQxGTCi8q8ZY4pL8otSzgjLj6t
f9b9348e509e496b318348f28a0657e8e165bf547b4e2bea268095f9ebec132a,80825432,1773143112000,0x4e28395029357ff460ad48c1c9a810d06ea43de3,0x4ab38f7ae7eadad03981b2a7d7883760aa63e564,50000000,USDT,TR7NHqjeKQxGTCi8q8ZY4pL8otSzgjLj6t
54ae94410616f193bc19fa7b9007088c7874c4e2455ae3f56bcc230107106427,80825432,1773143112000,0x06b78ab3ee3d3d8d0abc1043a454966410f38928,0xa86354b191553c422aab7e4af3b19ac1791c9886,50000000,USDT,TR7NHqjeKQxGTCi8q8ZY4pL8otSzgjLj6t
bf2f5efe136e7ddd5889836a002f8bc27540109d23b989ae91bb4b100d688b6c,80825432,1773143112000,0x7e892097858d49809d2982990aca9e252b374e5a,0xc8be9f28b5e973aef7ce01d394498be376657d9b,1400000000,USDT,TR7NHqjeKQxGTCi8q8ZY4pL8otSzgjLj6t
8f54975f675a042cae684c95a58619f5b5d3788777ec09741eac22c042e1c734,80825431,1773143109000,0x75cf0bb07c805234e8ed00733fa29fd95f218b95,0xa1e15c8a6cf6e96fba4dcdc41e2b9e46d8971d11,200000000,USDT,TR7NHqjeKQxGTCi8q8ZY4pL8otSzgjLj6t
baf7823761ef77336f299ca49baf2b72b2a3210ac8173922394d8c633382bcfc,80825431,1773143109000,0xc4463156e72182683dab3cc6d87a4f696400f842,0xe6916ea01cebc429badd5327ca44fee37d5d3bb0,367000000,USDT,TR7NHqjeKQxGTCi8q8ZY4pL8otSzgjLj6t
15b9b10ec1e1ebf95620b6ac3fb51a8d5d986583efd785177c09c6c283a79788,80825431,1773143109000,0x76787b8010f0182e7ea79351fecb8a26d39c8510,0x4d466c494fc971ecedd3731c591aa299b5dbeb05,708000000,USDT,TR7NHqjeKQxGTCi8q8ZY4pL8otSzgjLj6t
4e4348ed275d859c59b1de24694ab46be2141dbbbda9b42cd16efb1d6fe4c695,80825431,1773143109000,0x8a42c82da55dac4da7705d97f901babe57650c74,0xc0aae8c980cf0092ca624553633fec8941a9c2a3,5000000,USDT,TR7NHqjeKQxGTCi8q8ZY4pL8otSzgjLj6t
4e5e83f8ba1afaedb798b41190effe35aeaa407a305b44deab9d4824a2e2eee6,80825431,1773143109000,0x96e534da0deeb194606e20bf7fa6a703227c8f91,0xd2ef8513de7aad270e5cf48baf6a10811bd883d2,28000000000,USDT,TR7NHqjeKQxGTCi8q8ZY4pL8otSzgjLj6t
78c65ed85e6713a8c2bb92d05b621417561b3bd647755e07f0cf1c5eb2934446,80825431,1773143109000,0xfe12f928baa4018f4d5a9214a481ed1660900510,0x68ee044111a9ce798015b6fb060ba975a9812600,261000000,USDT,TR7NHqjeKQxGTCi8q8ZY4pL8otSzgjLj6t
2ecc2e511e986de623e1b073e4d74cb3cab0f06f3670885e5847622bacc8496a,80825431,1773143109000,0xa1749d3046533425557e8e0a3b1bca43b94a299a,0xf6397af2208deb82fd488ceb6e18e8c1a2631bd8,45000000,USDT,TR7NHqjeKQxGTCi8q8ZY4pL8otSzgjLj6t
79e04b3dc3bdb8d19d75927c93e12cd5351a73e2bb7c8e5cf4ef94c8d162c557,80825431,1773143109000,0x57be1f116fc5664bf8df41aded7846ed9e260fdf,0xc7a3f90082e1944be19c76cce462bf3b02e307b2,20000000000,USDT,TR7NHqjeKQxGTCi8q8ZY4pL8otSzgjLj6t
5c1bd8742e4495ec9995f947526ee0d2025d4afa68702f5cb04cd97970dd3889,80825431,1773143109000,0xfce35fa51a1178da21b92652a8d9c4979bd16ab5,0xdc77f70c761ffd54cbeccebedc868da637fefb46,500000000,USDT,TR7NHqjeKQxGTCi8q8ZY4pL8otSzgjLj6t
cbe4fcdb8c3595b627c706e4d639d8757ab0a89c6ba905ef66850f6c02fa3049,80825431,1773143109000,0xfdd3d9caa790d99b47268dc7bdffd9c13ae70083,0x2cdd9548afd9138a9a073bd100e551fe0aec7522,27000000000,USDT,TR7NHqjeKQxGTCi8q8ZY4pL8otSzgjLj6t
f7e6818526679b851ecc8748c53b895b783274b20157bf198e0727b9af7ec08c,80825431,1773143109000,0xc56416d091482af112129092899b866411e69415,0x6c55f9ddf5b9d52bb3a92104cd098c424eb8cf86,3000000000000,USDT,TR7NHqjeKQxGTCi8q8ZY4pL8otSzgjLj6t
b13d6c89418ed6e7b094c614ff2a238bdafd12bb96267c358a28ce2a68864215,80825431,1773143109000,0x8a749dea3ead9d8ce477c8c64fae5db68ee3d74d,0x2b0c504d6da9ef6aae9f6b559999ccc351f1eac8,24172000,USDT,TR7NHqjeKQxGTCi8q8ZY4pL8otSzgjLj6t
4bb41b78475aba620e48c5e4403226b65af8e29166fd9daaad9f53307c2506b5,80825431,1773143109000,0x595c4a379ab80c202f0372bbf9bbf3fad6ca8768,0xcff14da95fab261bef6ccd7e08cc8e4479e3f63d,25000000000,USDT,TR7NHqjeKQxGTCi8q8ZY4pL8otSzgjLj6t
155acc767025f577a5709d41b62236536c0bd380a8eb3ef7e6cc1c5f7aeec2e2,80825431,1773143109000,0xea0e4e0d477a69edf3f662adf99b2874c79530fb,0x2f5489a80d5813144821bdb972cb363a058f38e6,39100000000,USDT,TR7NHqjeKQxGTCi8q8ZY4pL8otSzgjLj6t
ebbe4b69aaa85e55e205d07344bee619a04afa92860c8b639f8e12940455ebff,80825431,1773143109000,0x0d0707963952f2fba59dd06f2b425ace40b492fe,0x0b74440cbdd118b05e38bc79345fc0356ff62436,240000625,USDT,TR7NHqjeKQxGTCi8q8ZY4pL8otSzgjLj6t
1d72d608a7ca569e77d20dae1788e019b346d813111db5383356722ff3a073f6,80825431,1773143109000,0xddd8f07de0c9e8ead0e36cd3097259e23e293e5a,0x0219c2365c5ed5cb1777e47096edcc0c5e092d6d,500000000,USDT,TR7NHqjeKQxGTCi8q8ZY4pL8otSzgjLj6t
0772e619f76019c8319d597bf4d31594947464dcf17f4516d981ad4d0b86329d,80825431,1773143109000,0x0d0707963952f2fba59dd06f2b425ace40b492fe,0x6de8d6fd588a7de87a4e3cb85426087ff7f5b78a,148000000,USDT,TR7NHqjeKQxGTCi8q8ZY4pL8otSzgjLj6t
934ffec8e87df71c2710cecb4518bd6f86feb5d9a19d7ab98633e6da2e3e1c33,80825431,1773143109000,0xc686c48436aec3a1dfce4ac5a4526c39366985ba,0xe8c1b3c270de2f5f7a7a5c0e5d89eebaad7fb652,202243900,USDT,TR7NHqjeKQxGTCi8q8ZY4pL8otSzgjLj6t
61ec8477d1cde9669ab180a048f7826c3508c5b54b2a66c10fb85a6f4045d95b,80825431,1773143109000,0x2f3d25d478b353ca7e4aed0cf207a5010325162c,0xe3532778238fc4c766924ddb77c017405a182abb,22420000000,USDT,TR7NHqjeKQxGTCi8q8ZY4pL8otSzgjLj6t
749af61ab1b7b5eedc964558276d113606125e0f1dbae0a93ccddd8ccc8a1d6f,80825431,1773143109000,0x30760c7e10b1d3509d8d64a7e9eb9ab94bc83495,0x1cfb01b051704fe624c7c8010e863d71dd210704,29000000,USDT,TR7NHqjeKQxGTCi8q8ZY4pL8otSzgjLj6t
b0ed4680af88283b3726fa0cafd1bf4b02feffc182119adfed0252613fffa74f,80825431,1773143109000,0xc686c48436aec3a1dfce4ac5a4526c39366985ba,0x2b29cc7eb28f754805600bc671c8cfc72d2609d7,120000000,USDT,TR7NHqjeKQxGTCi8q8ZY4pL8otSzgjLj6t
767165727caa75d39ca75fb2ec807eca23f69c5188bccc8a65af2b8a46cadefd,80825431,1773143109000,0x30760c7e10b1d3509d8d64a7e9eb9ab94bc83495,0x9dbf507ccb9657546d26fc8e474130186e14399d,90680000,USDT,TR7NHqjeKQxGTCi8q8ZY4pL8otSzgjLj6t
ebbb5c0c30c6a9f4b4234edb051d7003c6d43c98789d533a6468430aa8611bd2,80825431,1773143109000,0xfaf256193dbf2ec925605f980fc37fea5fc6d10d,0x6e30bdc437a91dbf4ae7f5b190df4425da42a4da,1499010,USDT,TR7NHqjeKQxGTCi8q8ZY4pL8otSzgjLj6t
cbe33bbcacec0246d721d3350f0ccc69b955036b92fd0469fa0a95e0af046846,80825431,1773143109000,0xe93ad2b4dc2d1b703cc19d09ecaf22651665b1b8,0xd8ee93d2080f0d8de548d27d1700468d5b61ea8b,200000000,USDT,TR7NHqjeKQxGTCi8q8ZY4pL8otSzgjLj6t
cbe33bbcacec0246d721d3350f0ccc69b955036b92fd0469fa0a95e0af046846,80825431,1773143109000,0xe93ad2b4dc2d1b703cc19d09ecaf22651665b1b8,0x76b5c8429b78a38643e5ff9a94b4ca10c1efd867,1000000,USDT,TR7NHqjeKQxGTCi8q8ZY4pL8otSzgjLj6t
a27aa2ecb0cf2796476cf1fe849929d662bdb1581753d7e14646a42b74b48d9e,80825431,1773143109000,0xb16386caf220d235800531bcfbc3d9d3ea4dd005,0xda87b5e0cc00bf2f52070f627bcb1e71f46c91ba,3000000000,USDT,TR7NHqjeKQxGTCi8q8ZY4pL8otSzgjLj6t
386b0129e9a043396d9028a72b1c64882e96bba851a05a7ca47142c5936c8ae6,80825431,1773143109000,0x7a9c522fec122bb38c61cbbee271fc36cc125f65,0x87cad7f458d69f048edc7431c07d9c1968e9033a,14778720000,USDT,TR7NHqjeKQxGTCi8q8ZY4pL8otSzgjLj6t
c2d9909e7c4d80888bb397080f531de5fc95edceddbdf0a49e4fd7d3cc8241de,80825431,1773143109000,0x03b9a8d283ce14f432b76408b2909322f703dc6d,0xac53fe2895e2f81af132809b429f9808d848a7a4,20000000,USDT,TR7NHqjeKQxGTCi8q8ZY4pL8otSzgjLj6t
7b813efc9b0d6dcf86e433799a11053cc91a2e9e3692515093bb93c33ccf80dc,80825431,1773143109000,0xcac3273847e6331622be69999fa18d5a78f6e8df,0x441d225336c8fd5accdb401314bb7386c8e2395c,1504000000,USDT,TR7NHqjeKQxGTCi8q8ZY4pL8otSzgjLj6t
9fabc0fb2bdaefe1e3da3e032ad6e44b98416472b9c185c6d288aa93bb2dbda3,80825431,1773143109000,0x605b2c9b3e8b19287677d095dabeff99c8007071,0x66425bef9107cb8b1aefe1c4b1f2aaff2df8cf6c,250000000,USDT,TR7NHqjeKQxGTCi8q8ZY4pL8otSzgjLj6t
9fabc0fb2bdaefe1e3da3e032ad6e44b98416472b9c185c6d288aa93bb2dbda3,80825431,1773143109000,0x605b2c9b3e8b19287677d095dabeff99c8007071,0x76b5c8429b78a38643e5ff9a94b4ca10c1efd867,1000000,USDT,TR7NHqjeKQxGTCi8q8ZY4pL8otSzgjLj6t
b8f44b3066010751a3e2e4eac8b5d884445908e40e1003a63bd1ab17b19f6b37,80825431,1773143109000,0x862205c8d9f1d9ef412946ff825f8a8439936a3e,0x26cc8a8e42ae8ef001d506a2bfb95b977f4a82f6,115000000,USDT,TR7NHqjeKQxGTCi8q8ZY4pL8otSzgjLj6t
971bb32bbbc31bf02513b6edb47f9ab42aecb291066ccdf7a01d5e0cbf4fbc01,80825431,1773143109000,0xc686c48436aec3a1dfce4ac5a4526c39366985ba,0xf9cbdb1fb056c5be5789b78806b9bdd1b4d7a5fd,50000000,USDT,TR7NHqjeKQxGTCi8q8ZY4pL8otSzgjLj6t
e7cacb6041b4a1f43c8db157366fcb8241f0be54c2ced7872cb9276be147850e,80825431,1773143109000,0x9d3459f99d60c701fce21ae3758234c80a962d58,0xd1c7950d44e719c4df9b673d61f68859a887ad53,1680000000,USDT,TR7NHqjeKQxGTCi8q8ZY4pL8otSzgjLj6t
0eaa37a287e5247a2c6fc88b578b494b37747502352dc7c97d42b81f7d4c0e29,80825431,1773143109000,0xe771c4b3c7acf8e44254e148da5c31f37172f71f,0x64b78a108c62113a60b97fccda907b12f2cb80db,4418262000,USDT,TR7NHqjeKQxGTCi8q8ZY4pL8otSzgjLj6t
319cde1d0636d3d2c9eb2579f080ec5588edfc8c599fa8a446a32fd96d482a0b,80825431,1773143109000,0x020adf0a418a19bd1d9dd8f78b13d370f2218a49,0x982238401d893e178da688adcbcb4403a991dbae,2106000000,USDT,TR7NHqjeKQxGTCi8q8ZY4pL8otSzgjLj6t
d93a4d1ac3d03e88ce11c36e5fbd729676200e9cc7a7a3d41d520022c4094464,80825431,1773143109000,0x5415c64b3a8f8ebbfeca3ca04798333b58049ae3,0xee35b0930b52a056a1c5ebb6ec58cb4766293aaf,160000000,USDT,TR7NHqjeKQxGTCi8q8ZY4pL8otSzgjLj6t
b6dd1ff7776ba061814f0e7b3837d41256775a374e25137aebb62b7fd02a8f42,80825431,1773143109000,0x75d5c53c1cbd1c0fdb191a4c9e60ca9a51455e70,0xacc8e830a3362c4fc705811e25434ec97c6ebbdf,30000000,USDT,TR7NHqjeKQxGTCi8q8ZY4pL8otSzgjLj6t
0c5935ec88e39a24d78f513175773796bb3fc494af43146a2f6acbddd2eedd21,80825431,1773143109000,0xcc86b613fc9c41ee9fe16006bffc70751423a8e4,0x88554eae467247f01ff20548789d4e6b5da9f031,448000000,USDT,TR7NHqjeKQxGTCi8q8ZY4pL8otSzgjLj6t
a699cb33f844c9ea4285bb96e3d6878449e2d34bcbad3b3999ce523f85a7c12c,80825431,1773143109000,0x780698c700159bcac7785014c20da461e187d473,0xacc8e830a3362c4fc705811e25434ec97c6ebbdf,4000000,USDT,TR7NHqjeKQxGTCi8q8ZY4pL8otSzgjLj6t
ad5da8fb5cc9c747ed60b6f302170260b2041d4e7a0cc6540d71aee2f6e37b4f,80825431,1773143109000,0xc686c48436aec3a1dfce4ac5a4526c39366985ba,0xce58f8e7301e42835cab1736314003d24887dfe2,1357890000,USDT,TR7NHqjeKQxGTCi8q8ZY4pL8otSzgjLj6t
5144c4ca4a8f7e77deffc5d437ea448ff54c25db1db29d99582c455d0ce33caa,80825431,1773143109000,0xc686c48436aec3a1dfce4ac5a4526c39366985ba,0xe6386de21289168852bfde14b179174747a5daff,8800000000,USDT,TR7NHqjeKQxGTCi8q8ZY4pL8otSzgjLj6t
7202b2d65225777841a0aff175035bad8a1e474a5a23e6c32930dbf003305e42,80825431,1773143109000,0xc686c48436aec3a1dfce4ac5a4526c39366985ba,0x6cba74a650196c0f11306ab35ecb203e59ae59bc,349000000,USDT,TR7NHqjeKQxGTCi8q8ZY4pL8otSzgjLj6t
87ce118e396eeb12e40866b42d29f6f2d490909e490d484a4c82a3b3b2306c0d,80825431,1773143109000,0xc686c48436aec3a1dfce4ac5a4526c39366985ba,0x8ccb36040f5ee27cad7ff05741827f49c4be595c,900000000,USDT,TR7NHqjeKQxGTCi8q8ZY4pL8otSzgjLj6t
7b80e79354a5c0c4f607e0d0cd76bec05cd9c17566352f6565ffb6346a52588d,80825431,1773143109000,0x8d493aff1741f4a5ffbab32bdc7de4b256472b43,0x36619b6a2f0f62866e2995e9aae3ae30d99939de,328000000,USDT,TR7NHqjeKQxGTCi8q8ZY4pL8otSzgjLj6t
0dff0d122b47bd3432d0fdb990e7a37649a33b02435545e01610503381837779,80825431,1773143109000,0xc686c48436aec3a1dfce4ac5a4526c39366985ba,0xd832f088b7193e2c10822600ad384f97fb705658,300000000,USDT,TR7NHqjeKQxGTCi8q8ZY4pL8otSzgjLj6t
5c2fe3cdc9b2f905c6018bba358162a1ab7c5c03da7e571cfefd5c6be725ee67,80825431,1773143109000,0xc686c48436aec3a1dfce4ac5a4526c39366985ba,0xbf828ddae7aac0ab745462b3259e1c8e093bccb3,83900000,USDT,TR7NHqjeKQxGTCi8q8ZY4pL8otSzgjLj6t
0b985c0b32a02339b81898243fbc96fe44baac2ad946c6ecf593bcfafd7bf075,80825431,1773143109000,0xef8ef6d1180675939a88b6998dd924524735729f,0x874e5af37b95201e2a73d4e448e9e34307004cf5,55000000,USDT,TR7NHqjeKQxGTCi8q8ZY4pL8otSzgjLj6t
9ef1eb602041a52df26efc1f9ddf171318548c50104bcd8881904aa19f9e0968,80825431,1773143109000,0xe3ea439a5485677b0ebaf62f43778ca7388d7401,0x1f742983a7ade9c326c43b7484144971badafa04,202994447,USDT,TR7NHqjeKQxGTCi8q8ZY4pL8otSzgjLj6t
52ac2688e147dd5b945f14a50a6e3bb0c313c8ba9525782c725c9514287a5bed,80825431,1773143109000,0x1a14729f14518c2e80014f77b20440815ca4f771,0xc24d02d0523a0e340c90a3fb7ec038a7470cdca4,1784000000,USDT,TR7NHqjeKQxGTCi8q8ZY4pL8otSzgjLj6t
b60d3983bf0301f0f6c0c741371335fcba5bc7e57196d496c9b60be531e408e8,80825431,1773143109000,0x990cce61e790001d73292523d8f82be2b8c79e55,0xacc8e830a3362c4fc705811e25434ec97c6ebbdf,60000000,USDT,TR7NHqjeKQxGTCi8q8ZY4pL8otSzgjLj6t
1cd35c762faca7c9b18d5594b8bface4db2ee890d4dfc9126350487d3f774e9a,80825431,1773143109000,0xc686c48436aec3a1dfce4ac5a4526c39366985ba,0x4a40726f5e184804418ea9e77975f2ca1bd3e98b,25560000,USDT,TR7NHqjeKQxGTCi8q8ZY4pL8otSzgjLj6t
cf98831526f3a00d93e930bde800d5c591c03c660ef5fe2de984ed1c8502c784,80825431,1773143109000,0xc686c48436aec3a1dfce4ac5a4526c39366985ba,0x43b5fc972bfac5d1c3c9e2e42a6b0e7d612a11b8,3788000000,USDT,TR7NHqjeKQxGTCi8q8ZY4pL8otSzgjLj6t
8f04bbb39162e88c49b285bcf06f23d639925f44f6b0af7a10ada30a7589c54d,80825431,1773143109000,0x3f633def1e660147bc3af4435a9ffe01995f4c6b,0x641b10555c17613515419aec309a78b5f0e6384a,93000000,USDT,TR7NHqjeKQxGTCi8q8ZY4pL8otSzgjLj6t
1c684add15d96e3d7fe54c06353b47b48e392c884fae8862a334f6b3b7ea0f5b,80825431,1773143109000,0xc686c48436aec3a1dfce4ac5a4526c39366985ba,0x48859fc8f201dcb79b99557e769c4b4e57081c05,124970000,USDT,TR7NHqjeKQxGTCi8q8ZY4pL8otSzgjLj6t
6ab27ce3efeecf4132c5994dc994430f5186a7e6ad5f45e1d19223076018866d,80825431,1773143109000,0x341e6d49b82376af3185ba0e6eb9254ef5a26035,0x273f4ee2846d521fd079fc39b324bb390fac799c,3051875,USDT,TR7NHqjeKQxGTCi8q8ZY4pL8otSzgjLj6t
f6b9e754a1fb0507ba3eeb148bb4b8b81abdf9df80ac7434f75cf96b8040ccb3,80825431,1773143109000,0x15a0a718a2c352f8f6a3c5fc6e45f1cd949693e2,0x273f4ee2846d521fd079fc39b324bb390fac799c,3130379,USDT,TR7NHqjeKQxGTCi8q8ZY4pL8otSzgjLj6t
fa318176de98f62b357fdb5342b9aacd8583162585f477677c538aaa18330924,80825431,1773143109000,0xc686c48436aec3a1dfce4ac5a4526c39366985ba,0xde5bd302fbf33d2888afddc56607bd5c8eefd3f9,320000000,USDT,TR7NHqjeKQxGTCi8q8ZY4pL8otSzgjLj6t
1767c445e375b4773d8c52be710341deeb40612bd1873b30a364da1542ff699b,80825431,1773143109000,0xc686c48436aec3a1dfce4ac5a4526c39366985ba,0x61a52102f7e08487b650b8fa56668aec8a7ba074,156000000,USDT,TR7NHqjeKQxGTCi8q8ZY4pL8otSzgjLj6t
8f531fc75583d8634df48ff4e82a24760dda481a723fe29c45305f876c6354aa,80825431,1773143109000,0x57e6066a75fe033beddfd3049bc9c37e48c82e85,0x6596a597b37fcc47540620c591e83732e8cf9aa8,925970000,USDT,TR7NHqjeKQxGTCi8q8ZY4pL8otSzgjLj6t
4ea25b9258375d3e58d41618dd571cb3f33ec0ecff916416f82d884a51d427b5,80825431,1773143109000,0xc686c48436aec3a1dfce4ac5a4526c39366985ba,0x4738015ac0485d415cb6787e002f2a2e924acf58,168569200,USDT,TR7NHqjeKQxGTCi8q8ZY4pL8otSzgjLj6t
9f1aa6ec476db5b11f7f83b5b5f53c39a4522d466e388f1720e743ac8093d967,80825431,1773143109000,0x8f48d01143c9fdb0826218612740ab07c09f6d69,0x5071133a06c6f163541e59676f2a8c35fd7e7ff8,9006000000,USDT,TR7NHqjeKQxGTCi8q8ZY4pL8otSzgjLj6t
25d799b05532d7f03ea083154c9d8e1d5cadc441bd73cf4e96893f2f9b1368b9,80825431,1773143109000,0xc686c48436aec3a1dfce4ac5a4526c39366985ba,0xbbf8941e6c85284e820f540d0f866d2c4a4f1e89,191913000,USDT,TR7NHqjeKQxGTCi8q8ZY4pL8otSzgjLj6t
24d6d362cac761795994afa4252b7e7602ba8c09549d81c757c6012d773722fb,80825431,1773143109000,0xc686c48436aec3a1dfce4ac5a4526c39366985ba,0x175994f2ef014a82ed118542402a58c5808caba3,100000000,USDT,TR7NHqjeKQxGTCi8q8ZY4pL8otSzgjLj6t
f3259d005ac7a13d37552395efd00aacb473400f1c9c00a70fc7e59a97b851d5,80825431,1773143109000,0xc686c48436aec3a1dfce4ac5a4526c39366985ba,0xba468b10f74877708bf9edc2c5607e1751195f2f,58000000,USDT,TR7NHqjeKQxGTCi8q8ZY4pL8otSzgjLj6t
303732e451a4e19da34489dcabb8b9bdc21aebb0b1709f779ccf7af5cb222ec0,80825431,1773143109000,0x595c4a379ab80c202f0372bbf9bbf3fad6ca8768,0xdfabbddec193b13852332f3bec8383b1073c94d2,57272000,USDT,TR7NHqjeKQxGTCi8q8ZY4pL8otSzgjLj6t
ca94499c6c539d1eda85e8244b9830c918885db3aa9a8d1be93320627a6e73db,80825431,1773143109000,0xc686c48436aec3a1dfce4ac5a4526c39366985ba,0x89537d77b2654a716f93f5bd9629f8297c55bc97,1972680000,USDT,TR7NHqjeKQxGTCi8q8ZY4pL8otSzgjLj6t
0e1bb9dacf71181159deb042677f98ccb61bf89d68820dca214336c27c8240d8,80825431,1773143109000,0x1a78447cdc3e7541f96a5d7e33e682bb1448346f,0xcf9938847172d2cd51e1ef84e156f1f58fac40b9,590500000,USDT,TR7NHqjeKQxGTCi8q8ZY4pL8otSzgjLj6t
3228ce82a9ac68154978df2f1170b1f530b8ee0601e8b85842c12cfc2eda7a4b,80825431,1773143109000,0xe187370f409d8667e4029c04a3301ad5943d4866,0x534db00b99ab17328cd5214e7ec687db9ccdd948,1724975000,USDT,TR7NHqjeKQxGTCi8q8ZY4pL8otSzgjLj6t
fb1b14f8463d2f075dc18152507318cffb436b63f0f0d638409cb2c0d5f35ebc,80825431,1773143109000,0x82e5efab23d4a75d44df0ad4401294b451b801d0,0x1c9c05f0f6a4f55ae8bd134f4fd6571774b5e85c,500000000,USDT,TR7NHqjeKQxGTCi8q8ZY4pL8otSzgjLj6t
bafd15bc60e22c105427be35561c00d1205f0f931cea0a5001ea1ff5300b4e32,80825431,1773143109000,0x301ded7d75514b0438beb0011a90c0e8fbf3db32,0xd4053e51b6c80bd0006541f8ccf694638c1923eb,59992412,USDT,TR7NHqjeKQxGTCi8q8ZY4pL8otSzgjLj6t
c46d8879571e7226c420f4c4c2460df5cfead02c64d95328534da07311b5e473,80825431,1773143109000,0x1d15926b788d7f9d8050bdccc6030017f37a7172,0xa50ff5b6e4a0b83ee37b6710686a930b25aed77a,15000000,USDT,TR7NHqjeKQxGTCi8q8ZY4pL8otSzgjLj6t
ed9af7d03b96c6c2db655f2351362b66f0cda864ee53571975b673aebead3290,80825431,1773143109000,0xc686c48436aec3a1dfce4ac5a4526c39366985ba,0xcdaf335bacb033707dc648dcd577edf238ccba83,15000000,USDT,TR7NHqjeKQxGTCi8q8ZY4pL8otSzgjLj6t
044a33ce1820b69503c061fd8b1c073db49fbeba996becc8003e40e474c78ba0,80825431,1773143109000,0x4662b235ef995710033d4272efe03428f0f713d2,0xb3c8bcc9dfea8ac7f72c8f77b56acf1ab4b7a266,2000000000,USDT,TR7NHqjeKQxGTCi8q8ZY4pL8otSzgjLj6t
2bf41bd7e2cbe74316c94877f04e5c8772e21ea04ea9041776cf3acf5e8c331d,80825431,1773143109000,0xc686c48436aec3a1dfce4ac5a4526c39366985ba,0x855e143e5d6b1a9dee9df3663ba8eed977a13fbf,10365000000,USDT,TR7NHqjeKQxGTCi8q8ZY4pL8otSzgjLj6t
98cd0da8279717c392dc2f9e6bce7bf6fcec01ffdf0f708f974d65dcbf39b2ef,80825431,1773143109000,0xc686c48436aec3a1dfce4ac5a4526c39366985ba,0x2720c71ac942e1c86b452144f734114ed63b714f,37707100000,USDT,TR7NHqjeKQxGTCi8q8ZY4pL8otSzgjLj6t
39e45153916e572a7a54aa71789b9d931d9077a23b02ab9b1475ccacf63bcd71,80825431,1773143109000,0xc686c48436aec3a1dfce4ac5a4526c39366985ba,0x0abd65d8a7d8fa015ea9530586387b6dc7486a09,55820000,USDT,TR7NHqjeKQxGTCi8q8ZY4pL8otSzgjLj6t
2ad75caf5881729309349d79813d56e5550864a82c6bb3d174d9c5c63873c0a8,80825431,1773143109000,0xd6a51ae7c8f05b11d758a3a63c5440bdad12984b,0x93495554de2fecd632f13c50936aee45130cffc4,630280000,USDT,TR7NHqjeKQxGTCi8q8ZY4pL8otSzgjLj6t
f7c88bd5cdc2be48e1e913413222ea4b78623e3a40e0a22455382cf9eed400b1,80825431,1773143109000,0xc686c48436aec3a1dfce4ac5a4526c39366985ba,0xc6bca3c77cfc4191c84dd4675fda9c9c49929726,20000000,USDT,TR7NHqjeKQxGTCi8q8ZY4pL8otSzgjLj6t
f54562a7e97d1fb26f8c2eae418439a60e7dfbff16b1c7f293063048c62e2611,80825431,1773143109000,0x57f3fc35f7d7c971e00eafcb48779b5904f1555b,0xe92caa0802cad745db8bc24e0caaeac94f0949e2,329710000,USDT,TR7NHqjeKQxGTCi8q8ZY4pL8otSzgjLj6t
9afc9b86b3f251ce77017d3975b9f09e259cadcefdbf8c4821d5900bdfe4b41e,80825431,1773143109000,0x95d06912584d95ac7c6dee580ee23154b59b784e,0xd5e2f5d36eb038ac68cb1cb6239ebf83d8a121fe,106590000,USDT,TR7NHqjeKQxGTCi8q8ZY4pL8otSzgjLj6t
65f008387984bfc0c9a5480dbe21c4a3338d80e005cac0f7cf56cc10ebf3918a,80825431,1773143109000,0xd520662ac5a81e308c63fbc0baed5cc195a83147,0x6bed7a9d3209800034fa904943087fb299d87fe7,72569000000,USDT,TR7NHqjeKQxGTCi8q8ZY4pL8otSzgjLj6t
799152073d67442ef0491ba823419b4d9bc5c1d641ef170be0512263ff114574,80825431,1773143109000,0xc686c48436aec3a1dfce4ac5a4526c39366985ba,0x45c84a3d84b7aee4089fd71cf266a389ef644f89,2990000,USDT,TR7NHqjeKQxGTCi8q8ZY4pL8otSzgjLj6t
cee6d8f220ee8f2da4e072375925c41634c73f7b228b4321fa6ac3b8e18b85e1,80825431,1773143109000,0xcc130800bf65b8f1bd5cffae7393c64f8f7399d5,0xc93b59594d1800be4b4d80dfe6068229cae2af4b,455000000,USDT,TR7NHqjeKQxGTCi8q8ZY4pL8otSzgjLj6t
89e42dbcd18da06bae053d014bb42280138e2ee55702f5e8e0e6d214b4326f98,80825431,1773143109000,0xc686c48436aec3a1dfce4ac5a4526c39366985ba,0x2968f37ad69cb0048e2aa0de6a815e35034ac041,1820000000,USDT,TR7NHqjeKQxGTCi8q8ZY4pL8otSzgjLj6t
ade8d7682af7ff685945c8df7cf969ad5a1ee0e4957ef84c0894ae52c87f9e26,80825431,1773143109000,0xc686c48436aec3a1dfce4ac5a4526c39366985ba,0xf4b67cc5958910d37339ef181412ca38fd8fd04f,295000000,USDT,TR7NHqjeKQxGTCi8q8ZY4pL8otSzgjLj6t
20ab58a570ff28e2c8dac19d5c24b7db32a405e7a780e8af745aaab1187719ea,80825431,1773143109000,0x95ba3e17851dfc6ea0836a030ec88cc0ac19feff,0xd1bf663e1e3be3a335de916957877399be528559,1464320600,USDT,TR7NHqjeKQxGTCi8q8ZY4pL8otSzgjLj6t
753b0e21b195c559d135f3c871ba91f6ec581b5f989f565ecff95aad9c5eda97,80825431,1773143109000,0x64223a65ca25d4b66df685ee5dd6df2a3bcd22c7,0xcbb591c6d9c10a95aebdb731f62d7eedfcc0138c,1500000000,USDT,TR7NHqjeKQxGTCi8q8ZY4pL8otSzgjLj6t
9bad0b050478487e2759f8752e8ec4370491e647ecb642e6c9635415943cd9af,80825431,1773143109000,0x2ca1a0c0abd9764e778869b3c6e9be98c646d978,0x08fc0e0c16349924ca975956e7c3f0ebcb34679c,931490000,USDT,TR7NHqjeKQxGTCi8q8ZY4pL8otSzgjLj6t
06020e384c99d7e6d7f09e7af345f3e89ef4faa924c2b3865dfc7b3627dc96e1,80825431,1773143109000,0xdaa4e0da48986db5b5dc9b3bf890b8abd2cc00ae,0x23bc1e59fa8b4c28eb6ec2d00b52f12614eb370a,729860000,USDT,TR7NHqjeKQxGTCi8q8ZY4pL8otSzgjLj6t
4f0c53ebca97fcb2672de2a6fe277ca62677ab4012099353e43c6d589562d0f6,80825431,1773143109000,0x47310ee5b31db1ec6975e2227191d237d93bf387,0x4e1e0a9262ee729e89197de3208116d737f676fc,14084510000,USDT,TR7NHqjeKQxGTCi8q8ZY4pL8otSzgjLj6t
eeb03bd0ef90f9c4508a09b10bf6057e94dcd7ebb22bb4eac417d01b3d57d7a0,80825431,1773143109000,0xc686c48436aec3a1dfce4ac5a4526c39366985ba,0xdf7187af7c447bd326634a5e5022947d784fd38a,29999000000,USDT,TR7NHqjeKQxGTCi8q8ZY4pL8otSzgjLj6t
8b9276bfcd2cf9a0fc5030204e88c6e4ef010c82547ee6b3bc365df2ad99539d,80825431,1773143109000,0x2cbd5f791071dae5edbe7805f17d736e1d7b48cf,0x039b5993b501a71117f5deaf9e7399b48819cb75,100000000,USDT,TR7NHqjeKQxGTCi8q8ZY4pL8otSzgjLj6t
967b6b9742aa7af2aea21f326f421b61b18a134e0da8c2dd8946b1170f79d2da,80825431,1773143109000,0x861022e54446c582e26ae51f256b3254e73a5dbb,0xffabe52500087c1c267c852b83ac385e529cb648,778000000,USDT,TR7NHqjeKQxGTCi8q8ZY4pL8otSzgjLj6t
90757d14048fed10820e529a4cd260fdfb7a459fe7663273a4c9cc39a30e8a0f,80825431,1773143109000,0xa167eb4ccfd07d9cecba3881756238727a4f346c,0x23bc1e59fa8b4c28eb6ec2d00b52f12614eb370a,49990000,USDT,TR7NHqjeKQxGTCi8q8ZY4pL8otSzgjLj6t
606aa58b744dfd07adac225a12bd99ca5dd14f2b8bd672c8a4974f5d189e4ecb,80825431,1773143109000,0x8a8aea0b70beb5e5e9cf0550e7e975297f9046e9,0x3e6f96f5224c9fd201a2e903d22c654f06bf8dd8,98000000,USDT,TR7NHqjeKQxGTCi8q8ZY4pL8otSzgjLj6t
b66aaa17d9c1d0ec8b96fae6e408e2507ec33a56d6fe484224af8a596f2b1a3c,80825431,1773143109000,0x35c81af7f814ed434ef6d8421c5a9a8bf327451d,0x9e3583a27eebb9a17c3f985c4c817fee2a77d8ba,29126000000,USDT,TR7NHqjeKQxGTCi8q8ZY4pL8otSzgjLj6t
fffc22de62b0178c408c85393455a4ef562b8f829ccff37a4f0ef42b37d700c2,80825431,1773143109000,0xb308c04cc2ad0b0990e55d3e3c16ec9766a7ebf3,0x039b5993b501a71117f5deaf9e7399b48819cb75,1000000000,USDT,TR7NHqjeKQxGTCi8q8ZY4pL8otSzgjLj6t
25c80bbf817ac7bb71a7bf28c1ba7a7ddb4b3ef23181ad26300e7c1c78108b8f,80825431,1773143109000,0xf40732a5dbc4fd8f2f34ab0c6e7c1ffb415f0661,0x89260480049670266bc3fc96a8561493d832f1b7,1362900000,USDT,TR7NHqjeKQxGTCi8q8ZY4pL8otSzgjLj6t
d0b868136735c4f515c22fe273bedf51f42c73a038597aa47b5e5f83a0035f09,80825431,1773143109000,0x33fa58ba17ce88f11576cbab8fa7e050d2910f31,0x23bc1e59fa8b4c28eb6ec2d00b52f12614eb370a,1481410000,USDT,TR7NHqjeKQxGTCi8q8ZY4pL8otSzgjLj6t
0cb727a4bd457499c963f4aee1da80b726758cdb17f2feb18567dd379dd44ccf,80825431,1773143109000,0xf32f2d11ed52bfd521b64e8776bac7d361248707,0xa49d29abea03665a8a39443ff1dafea7b8767e84,600000000,USDT,TR7NHqjeKQxGTCi8q8ZY4pL8otSzgjLj6t
4778120be10b1ddad4941436d87ee6ee898649f76e20a93779ad8682985ee8eb,80825431,1773143109000,0x768252db8c14824fde3e4337e2febcc7f4f0dcbf,0x11b1f4547d14601df9a08116788821039690118c,1000000000,USDT,TR7NHqjeKQxGTCi8q8ZY4pL8otSzgjLj6t
f9a86da5b233fcea861e0e3f305545d552552f5784160a1b5a082b159451f054,80825431,1773143109000,0x93fa44d91969e7fb44e768a64afa515b26509fa7,0xdc3713307c41691c1ec8fc2d1c9e09de82820d66,53230000,USDT,TR7NHqjeKQxGTCi8q8ZY4pL8otSzgjLj6t
a033563ef552857b37ad17709ea20952475debc776b7564d7986b9d6686ba480,80825431,1773143109000,0x221645b164874209775839ac7f0f74168db8087d,0x2ce84db9542bbd55534d414577637c3e1777c018,80000000,USDT,TR7NHqjeKQxGTCi8q8ZY4pL8otSzgjLj6t
9ec85fe6b35747006f53ab1d7af8606e60fb9fdf2412fe717a663139dd485387,80825431,1773143109000,0x187f97895d3a36f6e731d6b3f1035bbb04ad7d77,0x46317bb8e75b9123d88e753b11ca0b7319fc3713,730000000,USDT,TR7NHqjeKQxGTCi8q8ZY4pL8otSzgjLj6t
913ea0ee469a7fda95d275c8e5628c0f4e932681d58db0ba4fbb9ce293721877,80825431,1773143109000,0x1a4cd9078cf2db25d73ce5c6084e4cc7b4cab9eb,0xb6856ea69490175240f1c4b6d3e50ae93dcb43f6,227427792,USDT,TR7NHqjeKQxGTCi8q8ZY4pL8otSzgjLj6t
29313a440a8979993e790b4e8ee0635564c347b7e5741de88cb28355b23d0633,80825431,1773143109000,0xa3537a3b265cc91df26c7ff875ed6b8284026bd7,0x6d8d42aadc55a8219bb12aab19c8b6b0175fff31,17214000000,USDT,TR7NHqjeKQxGTCi8q8ZY4pL8otSzgjLj6t
96a6eb04f8f616402a46a720d22097b518c02f72db7a8ad0bf738fe24f5aa727,80825431,1773143109000,0xa8466d06de99389976c72fe3c182f9870c01825f,0x3d902f58098af72514ebcf01052eb7cf4c8103bc,5138951912,USDT,TR7NHqjeKQxGTCi8q8ZY4pL8otSzgjLj6t
e434e28a7d35d846fdc275f9133d5fb11271828e0a0acb26bb161a4b0ec44a18,80825431,1773143109000,0x30760c7e10b1d3509d8d64a7e9eb9ab94bc83495,0x8f72ef5b35eec6d186a5e27dd638967fe4377c74,23000000,USDT,TR7NHqjeKQxGTCi8q8ZY4pL8otSzgjLj6t
88d918c290d2b40b112ca246dba9f66914200f33212c059111e169391024a648,80825431,1773143109000,0x3168f73bce4890899347caed7ea5436e72f7e70a,0x46061e6326a5836e097f4780eff3cda456ec59dc,1000000000,USDT,TR7NHqjeKQxGTCi8q8ZY4pL8otSzgjLj6t
6c16767e2bbc8f8105c46d3b4d0dabfb068fb1e2bb26b84d97790efdf83b2983,80825431,1773143109000,0xa670b020c3cadcd2e0ef8a5dcfbe293bf61d40f2,0x127581890fbdd668bd8d7958a26051681256a4ed,300000000,USDT,TR7NHqjeKQxGTCi8q8ZY4pL8otSzgjLj6t
451733cbb271dd41a7e8f20994a4537aa874896d49db1a262cf70c346e8351f9,80825431,1773143109000,0x5723a8e9174538aa04bda759eb5aa85c4bb843cc,0xe340c10c9504a9865dae79218c473b4efc9fac14,405950000,USDT,TR7NHqjeKQxGTCi8q8ZY4pL8otSzgjLj6t
ca3b41b0bc13967e47b49025fb5dcb764433a94fb2ccd1f561e5ee88ea692aaf,80825431,1773143109000,0x595c4a379ab80c202f0372bbf9bbf3fad6ca8768,0xf6167ceaac7ab75581cc1ae0c0dcdef8a30a4fbc,19616700,USDT,TR7NHqjeKQxGTCi8q8ZY4pL8otSzgjLj6t
4f571881f58412ce86c6d37f6d12cca2df1c1491cdd0ac22e1ef59cdda2c6e19,80825431,1773143109000,0x8d30d5005439061c176dd777a9d9d25112502eba,0x039b5993b501a71117f5deaf9e7399b48819cb75,77000000,USDT,TR7NHqjeKQxGTCi8q8ZY4pL8otSzgjLj6t
8c4056239fb14a22afa8e795e9bdcbe2e84d3a697123bcf5587be4ad841604c0,80825431,1773143109000,0x926531b218728b6d64ba2252eab2e471f098966b,0xc6eee96de2f85436aee23c7314b66a567fcdd6dd,8268000000,USDT,TR7NHqjeKQxGTCi8q8ZY4pL8otSzgjLj6t
a9832041c5f8363f18d8cdcbd90c588b8b917839b8fe4af3d104326fff4689f5,80825431,1773143109000,0x87e763a6223769ed1581bc718a502364143065c1,0x24cae52a3f1389ec2d39607bc29e3db6e58051b7,19160000,USDT,TR7NHqjeKQxGTCi8q8ZY4pL8otSzgjLj6t
7f1d508b099adccf982c30f90bdb01917f74defd2a9229386a575a65abe416bd,80825431,1773143109000,0x6b20a7ae73f13b516b15e1173c24a75ea7f35212,0x5f4b52c2dda4a32c1ea3a301d999758ab9336cf1,3400000000,USDT,TR7NHqjeKQxGTCi8q8ZY4pL8otSzgjLj6t
124396cca99aa729018409863c01cc07460bd1363917538b1919b6584ba812da,80825431,1773143109000,0x83f5fda1a451a2c0d7739cb3b1891b103c13252f,0xb81f47b99e09c51a4463b7f9221ee7db698c05e4,364889509,USDT,TR7NHqjeKQxGTCi8q8ZY4pL8otSzgjLj6t
